{
  "svd": {
    "rmse": 0.9898321732227631,
    "mae": 0.7881390677202175,
    "map_at_10": 0.0033161850901371865
  },
  "ncf": {
    "rmse": 0.9765098622107163,
    "mae": 0.7749721332520291,
    "map_at_10": 0.0036110119047619046
  },
  "meta": {
    "relevance_threshold": 3.5,
    "top_k": 10
  }
}